-- ============================================================
-- SEED: Procedimentos + Atendimentos + Procedimentos Realizados
-- Domínio: Pessoa B
--
-- IDs de pacientes/residentes/preceptores batem exatamente com
-- os UUIDs definidos nos seeds da Pessoa A:
--   Pacientes:   a1111... até a5555...
--   Preceptores: b1111... até b5555...
--   Residentes:  c1111... até c5555...
--
-- Volume calibrado para as consultas analíticas terem resultado
-- não-vazio em junho/2025:
--   Dr. Jorge Jesus (b1111): 8 atendimentos -> aparece no HAVING > 5
--   Dra. Yuska      (b2222): 5 atendimentos -> NÃO aparece (fica no limite)
--   Dr. Dorival     (b3333): 3 atendimentos -> NÃO aparece
-- ============================================================

-- ----------------------------------------
-- PROCEDIMENTOS
-- ----------------------------------------
INSERT INTO PROCEDIMENTO (id_procedimento, codigo, nome, tempo_medio_minutos, nivel_risco) VALUES
('d1111111-1111-1111-1111-111111111111', 'SUT-001',    'Sutura simples',                    20, 'ALTO'),
('d2222222-2222-2222-2222-222222222222', 'COL-101',    'Coleta de sangue',                  10, 'BAIXO'),
('d3333333-3333-3333-3333-333333333333', 'MED-205',    'Aplicação de medicação intravenosa', 15, 'MEDIO'),
('d4444444-4444-4444-4444-444444444444', 'RAIO-X',     'Radiografia de tórax',              25, 'BAIXO'),
('d5555555-5555-5555-5555-555555555555', 'ELETRO',     'Eletrocardiograma',                 12, 'BAIXO'),
('d6666666-6666-6666-6666-666666666666', 'CURATIVO',   'Troca de curativo',                 18, 'BAIXO'),
('d7777777-7777-7777-7777-777777777777', 'PUNCAO',     'Punção venosa',                      8, 'MEDIO'),
('d8888888-8888-8888-8888-888888888888', 'NEBULIZACAO','Nebulização',                       22, 'BAIXO'),
('d9999999-9999-9999-9999-999999999999', 'SUT-002',    'Sutura complexa',                   40, 'ALTO'),
('daaaaaaa-aaaa-aaaa-aaaa-aaaaaaaaaaaa', 'DRENAGEM',   'Drenagem de abscesso',              35, 'ALTO');

-- ----------------------------------------
-- ATENDIMENTOS
-- ----------------------------------------
INSERT INTO ATENDIMENTO (id_atendimento, data_hora, duracao_minutos, id_paciente, id_residente, id_preceptor) VALUES
('e1111111-1111-1111-1111-111111111111', '2025-06-10 08:00:00', 45, 'a1111111-1111-1111-1111-111111111111', 'c1111111-1111-1111-1111-111111111111', 'b1111111-1111-1111-1111-111111111111'),
('e2222222-2222-2222-2222-222222222222', '2025-06-10 09:00:00', 30, 'a2222222-2222-2222-2222-222222222222', 'c2222222-2222-2222-2222-222222222222', 'b1111111-1111-1111-1111-111111111111'),
('e3333333-3333-3333-3333-333333333333', '2025-06-10 10:30:00', 60, 'a3333333-3333-3333-3333-333333333333', 'c3333333-3333-3333-3333-333333333333', 'b2222222-2222-2222-2222-222222222222'),
('e4444444-4444-4444-4444-444444444444', '2025-06-11 07:45:00', 40, 'a1111111-1111-1111-1111-111111111111', 'c4444444-4444-4444-4444-444444444444', 'b3333333-3333-3333-3333-333333333333'),
('e5555555-5555-5555-5555-555555555555', '2025-06-11 11:00:00', 25, 'a4444444-4444-4444-4444-444444444444', 'c1111111-1111-1111-1111-111111111111', 'b2222222-2222-2222-2222-222222222222'),
('e6666666-6666-6666-6666-666666666666', '2025-06-11 13:30:00', 50, 'a5555555-5555-5555-5555-555555555555', 'c5555555-5555-5555-5555-555555555555', 'b1111111-1111-1111-1111-111111111111'),
('e7777777-7777-7777-7777-777777777777', '2025-06-12 09:15:00', 35, 'a2222222-2222-2222-2222-222222222222', 'c2222222-2222-2222-2222-222222222222', 'b3333333-3333-3333-3333-333333333333'),
('e8888888-8888-8888-8888-888888888888', '2025-06-12 14:00:00', 70, 'a3333333-3333-3333-3333-333333333333', 'c3333333-3333-3333-3333-333333333333', 'b1111111-1111-1111-1111-111111111111'),
('e9999999-9999-9999-9999-999999999999', '2025-06-13 08:30:00', 40, 'a4444444-4444-4444-4444-444444444444', 'c4444444-4444-4444-4444-444444444444', 'b2222222-2222-2222-2222-222222222222'),
('eaaaaaaa-aaaa-aaaa-aaaa-aaaaaaaaaaaa', '2025-06-13 16:00:00', 55, 'a5555555-5555-5555-5555-555555555555', 'c5555555-5555-5555-5555-555555555555', 'b3333333-3333-3333-3333-333333333333'),
('ebbbbbbb-bbbb-bbbb-bbbb-bbbbbbbbbbbb', '2025-06-16 08:00:00', 30, 'a2222222-2222-2222-2222-222222222222', 'c3333333-3333-3333-3333-333333333333', 'b1111111-1111-1111-1111-111111111111'),
('eccccccc-cccc-cccc-cccc-cccccccccccc', '2025-06-17 09:30:00', 45, 'a3333333-3333-3333-3333-333333333333', 'c4444444-4444-4444-4444-444444444444', 'b1111111-1111-1111-1111-111111111111'),
('eddddddd-dddd-dddd-dddd-dddddddddddd', '2025-06-18 14:00:00', 20, 'a1111111-1111-1111-1111-111111111111', 'c5555555-5555-5555-5555-555555555555', 'b1111111-1111-1111-1111-111111111111'),
('eeeeeeee-eeee-eeee-eeee-eeeeeeeeeeee', '2025-06-19 10:00:00', 35, 'a4444444-4444-4444-4444-444444444444', 'c2222222-2222-2222-2222-222222222222', 'b1111111-1111-1111-1111-111111111111'),
('effffff0-ffff-ffff-ffff-ffffffffffff', '2025-06-20 08:15:00', 50, 'a5555555-5555-5555-5555-555555555555', 'c1111111-1111-1111-1111-111111111111', 'b2222222-2222-2222-2222-222222222222'),
('e0000000-0000-0000-0000-000000000000', '2025-06-20 16:00:00', 25, 'a2222222-2222-2222-2222-222222222222', 'c3333333-3333-3333-3333-333333333333', 'b2222222-2222-2222-2222-222222222222');

-- ----------------------------------------
-- PROCEDIMENTOS REALIZADOS
-- Todo atendimento tem ao menos um procedimento registrado.
-- Pacientes que NUNCA receberam procedimento de risco ALTO:
--   Gabigol (a2), Arrascaeta (a4) e Pedro (a5).
-- ----------------------------------------
INSERT INTO PROCEDIMENTO_REALIZADO (id_atendimento, id_procedimento, quantidade, tempo_real_minutos, observacao) VALUES
('e1111111-1111-1111-1111-111111111111', 'd1111111-1111-1111-1111-111111111111', 1, 18, 'Paciente estável após sutura'),
('e1111111-1111-1111-1111-111111111111', 'd2222222-2222-2222-2222-222222222222', 1, 12, 'Coleta realizada com sucesso'),
('e2222222-2222-2222-2222-222222222222', 'd2222222-2222-2222-2222-222222222222', 1, 10, 'Coleta em veia periférica'),
('e2222222-2222-2222-2222-222222222222', 'd3333333-3333-3333-3333-333333333333', 1, 16, 'Medicação aplicada sem intercorrências'),
('e3333333-3333-3333-3333-333333333333', 'd4444444-4444-4444-4444-444444444444', 1, 26, 'Radiografia com leve alteração'),
('e4444444-4444-4444-4444-444444444444', 'd1111111-1111-1111-1111-111111111111', 1, 22, 'Sutura com pontos separados'),
('e5555555-5555-5555-5555-555555555555', 'd5555555-5555-5555-5555-555555555555', 1, 14, 'Eletro normal'),
('e6666666-6666-6666-6666-666666666666', 'd6666666-6666-6666-6666-666666666666', 1, 20, 'Curativo com gaze estéril'),
('e7777777-7777-7777-7777-777777777777', 'd7777777-7777-7777-7777-777777777777', 1,  9, 'Punção bem-sucedida'),
('e8888888-8888-8888-8888-888888888888', 'd8888888-8888-8888-8888-888888888888', 1, 24, 'Nebulização com salbutamol'),
('e9999999-9999-9999-9999-999999999999', 'd5555555-5555-5555-5555-555555555555', 1, 11, 'Eletro de controle, sem alterações'),
('eaaaaaaa-aaaa-aaaa-aaaa-aaaaaaaaaaaa', 'd6666666-6666-6666-6666-666666666666', 2, 30, 'Duas trocas de curativo no mesmo atendimento'),
('ebbbbbbb-bbbb-bbbb-bbbb-bbbbbbbbbbbb', 'd2222222-2222-2222-2222-222222222222', 1,  8, 'Coleta para hemograma'),
('eccccccc-cccc-cccc-cccc-cccccccccccc', 'd9999999-9999-9999-9999-999999999999', 1, 44, 'Sutura complexa em face; sangramento controlado'),
('eddddddd-dddd-dddd-dddd-dddddddddddd', 'd3333333-3333-3333-3333-333333333333', 1, 15, 'Antibiótico intravenoso'),
('eeeeeeee-eeee-eeee-eeee-eeeeeeeeeeee', 'd7777777-7777-7777-7777-777777777777', 1,  7, 'Punção sem complicações'),
('effffff0-ffff-ffff-ffff-ffffffffffff', 'd8888888-8888-8888-8888-888888888888', 1, 21, 'Nebulização de resgate'),
('e0000000-0000-0000-0000-000000000000', 'd4444444-4444-4444-4444-444444444444', 1, 23, 'Radiografia sem achados');
