-- ============================================================
-- SEED: Procedimentos + Atendimentos + Procedimentos Realizados
-- Domínio: Pessoa B
--
-- IDs de pacientes/residentes/preceptores batem exatamente com
-- os UUIDs definidos nos seeds da Pessoa A:
--   Pacientes:   a1111... até a5555...
--   Preceptores: b1111... até b5555...
--   Residentes:  c1111... até c5555...
-- ============================================================

-- ----------------------------------------
-- PROCEDIMENTOS
-- ----------------------------------------
INSERT INTO PROCEDIMENTO (id_procedimento, codigo, nome, tempo_medio_minutos) VALUES
('d1111111-1111-1111-1111-111111111111', 'SUT-001',    'Sutura simples',                    20),
('d2222222-2222-2222-2222-222222222222', 'COL-101',    'Coleta de sangue',                  10),
('d3333333-3333-3333-3333-333333333333', 'MED-205',    'Aplicação de medicação intravenosa', 15),
('d4444444-4444-4444-4444-444444444444', 'RAIO-X',     'Radiografia de tórax',              25),
('d5555555-5555-5555-5555-555555555555', 'ELETRO',     'Eletrocardiograma',                 12),
('d6666666-6666-6666-6666-666666666666', 'CURATIVO',   'Troca de curativo',                 18),
('d7777777-7777-7777-7777-777777777777', 'PUNCAO',     'Punção venosa',                      8),
('d8888888-8888-8888-8888-888888888888', 'NEBULIZACAO','Nebulização',                       22),
('d9999999-9999-9999-9999-999999999999', 'SUT-002',    'Sutura complexa',                   40),
('daaaaaaa-aaaa-aaaa-aaaa-aaaaaaaaaaaa', 'DRENAGEM',   'Drenagem de abscesso',              35);

-- ----------------------------------------
-- ATENDIMENTOS
-- ----------------------------------------
INSERT INTO ATENDIMENTO (id_atendimento, data_hora, duracao_minutos, id_paciente, id_residente, id_preceptor) VALUES
('e1111111-1111-1111-1111-111111111111', '2025-06-10 08:00:00', 45, 'a1111111-1111-1111-1111-111111111111', 'c1111111-1111-1111-1111-111111111111', 'b1111111-1111-1111-1111-111111111111'),
('e2222222-2222-2222-2222-222222222222', '2025-06-10 09:00:00', 30, 'a2222222-2222-2222-2222-222222222222', 'c2222222-2222-2222-2222-222222222222', 'b1111111-1111-1111-1111-111111111111'),
('e3333333-3333-3333-3333-333333333333', '2025-06-10 10:30:00', 60, 'a3333333-3333-3333-3333-333333333333', 'c3333333-3333-3333-3333-333333333333', 'b2222222-2222-2222-2222-222222222222'),
('e4444444-4444-4444-4444-444444444444', '2025-06-11 07:45:00', 40, 'a1111111-1111-1111-1111-111111111111', 'c4444444-4444-4444-4444-444444444444', 'b3333333-3333-3333-3333-333333333333'),
('e5555555-5555-5555-5555-555555555555', '2025-06-11 11:00:00', 25, 'a4444444-4444-4444-4444-444444444444', 'c1111111-1111-1111-1111-111111111111', 'b2222222-2222-2222-2222-222222222222'),
('e6666666-6666-6666-6666-666666666666', '2025-06-11 13:30:00', 50, 'a5555555-5555-5555-5555-555555555555', 'c5555555-5555-5555-5555-555555555555', 'b1111111-1111-1111-1111-111111111111'),
('e7777777-7777-7777-7777-777777777777', '2025-06-12 09:15:00', 35, 'a2222222-2222-2222-2222-222222222222', 'c2222222-2222-2222-2222-222222222222', 'b3333333-3333-3333-3333-333333333333'),
('e8888888-8888-8888-8888-888888888888', '2025-06-12 14:00:00', 70, 'a3333333-3333-3333-3333-333333333333', 'c3333333-3333-3333-3333-333333333333', 'b1111111-1111-1111-1111-111111111111'),
('e9999999-9999-9999-9999-999999999999', '2025-06-13 08:30:00', 40, 'a4444444-4444-4444-4444-444444444444', 'c4444444-4444-4444-4444-444444444444', 'b2222222-2222-2222-2222-222222222222'),
('eaaaaaaa-aaaa-aaaa-aaaa-aaaaaaaaaaaa', '2025-06-13 16:00:00', 55, 'a5555555-5555-5555-5555-555555555555', 'c5555555-5555-5555-5555-555555555555', 'b3333333-3333-3333-3333-333333333333');

-- ----------------------------------------
-- PROCEDIMENTOS REALIZADOS
-- ----------------------------------------
INSERT INTO PROCEDIMENTO_REALIZADO (id_atendimento, id_procedimento, quantidade, tempo_real_minutos, observacao, faturado) VALUES
('e1111111-1111-1111-1111-111111111111', 'd1111111-1111-1111-1111-111111111111', 1, 18, 'Paciente estável após sutura',              FALSE),
('e1111111-1111-1111-1111-111111111111', 'd2222222-2222-2222-2222-222222222222', 1, 12, 'Coleta realizada com sucesso',              FALSE),
('e2222222-2222-2222-2222-222222222222', 'd2222222-2222-2222-2222-222222222222', 1, 10, 'Coleta em veia periférica',                 FALSE),
('e2222222-2222-2222-2222-222222222222', 'd3333333-3333-3333-3333-333333333333', 1, 16, 'Medicação aplicada sem intercorrências',    FALSE),
('e3333333-3333-3333-3333-333333333333', 'd4444444-4444-4444-4444-444444444444', 1, 26, 'Radiografia com leve alteração',           FALSE),
('e4444444-4444-4444-4444-444444444444', 'd1111111-1111-1111-1111-111111111111', 1, 22, 'Sutura com pontos separados',              FALSE),
('e5555555-5555-5555-5555-555555555555', 'd5555555-5555-5555-5555-555555555555', 1, 14, 'Eletro normal',                             FALSE),
('e6666666-6666-6666-6666-666666666666', 'd6666666-6666-6666-6666-666666666666', 1, 20, 'Curativo com gaze estéril',                FALSE),
('e7777777-7777-7777-7777-777777777777', 'd7777777-7777-7777-7777-777777777777', 1,  9, 'Punção bem-sucedida',                      FALSE),
('e8888888-8888-8888-8888-888888888888', 'd8888888-8888-8888-8888-888888888888', 1, 24, 'Nebulização com salbutamol',               FALSE);
